{"words": [{"word": "be", "answer": "olmak", "fail": 0}, {"word": "have", "answer": "var", "fail": 0}, {"word": "do", "answer": "yapmak, etmek", "fail": 0}, {"word": "make", "answer": "yapmak", "note": "make genelde bir \u015feyleri birle\u015ftirerek yapmak anlam\u0131ndad\u0131r: make a cake, make a salad gibi. Do ise bir \u015feyi yapmak anlam\u0131ndad\u0131r: do a job (bir i\u015fi yapmak), do homework (\u00f6dev yapmak gibi)", "fail": 0}, {"word": "say", "answer": "demek, s\u00f6ylemek", "fail": 0}, {"word": "go", "answer": "gitmek", "fail": 0}, {"word": "get", "answer": "almak", "fail": 0}, {"word": "know", "answer": "bilmek", "fail": 0}, {"word": "think", "answer": "d\u00fc\u015f\u00fcnmek", "fail": 0}, {"word": "take", "answer": "almak", "fail": 0}, {"word": "see", "answer": "g\u00f6rmek", "fail": 0}, {"word": "come", "answer": "gelmek", "fail": 0}, {"word": "want", "answer": "istemek", "fail": 0}, {"word": "look", "answer": "bakmak", "fail": 0}, {"word": "use", "answer": "kullanmak", "fail": 0}, {"word": "find", "answer": "bulmak", "fail": 0}, {"word": "give", "answer": "vermek", "fail": 0}, {"word": "tell", "answer": "s\u00f6ylemek", "fail": 0}, {"word": "work", "answer": "\u00e7al\u0131\u015fmak", "fail": 0}, {"word": "call", "answer": "telefonla aramak, \u00e7a\u011f\u0131rmak", "fail": 0}, {"word": "try", "answer": "denemek", "fail": 0}, {"word": "ask", "answer": "sormak", "fail": 0}, {"word": "need", "answer": "ihtiya\u00e7 duymak", "fail": 0}, {"word": "feel", "answer": "hissetmek", "fail": 0}, {"word": "become", "answer": "olmak", "fail": 0}, {"word": "leave", "answer": "ayr\u0131lmak", "fail": 0}, {"word": "put", "answer": "koymak", "fail": 0}, {"word": "mean", "answer": "demek istemek", "fail": 0}, {"word": "keep", "answer": "tutmak", "fail": 0}, {"word": "let", "answer": "b\u0131rakmak, izin vermek", "fail": 0}, {"word": "begin", "answer": "ba\u015flamak", "fail": 0}, {"word": "seem", "answer": "g\u00f6r\u00fcnmek", "fail": 0}, {"word": "help", "answer": "yard\u0131m etmek", "fail": 0}, {"word": "talk", "answer": "konu\u015fmak", "fail": 0}, {"word": "turn", "answer": "d\u00f6nmek", "fail": 0}, {"word": "start", "answer": "ba\u015flamak", "fail": 0}, {"word": "show", "answer": "g\u00f6stermek", "fail": 0}, {"word": "hear", "answer": "duymak", "fail": 0}, {"word": "listen", "answer": "dinlemek", "note": "Bir sesi duyar\u0131z, g\u00fcr\u00fclt\u00fcy\u00fc duyar\u0131z ancak m\u00fczi\u011fi dinleriz (listen to music)", "fail": 0}, {"word": "play", "answer": "oynamak", "fail": 0}, {"word": "run", "answer": "ko\u015fmak", "fail": 0}, {"word": "move", "answer": "hareket etmek", "fail": 0}, {"word": "like", "answer": "be\u011fenmek", "fail": 0}, {"word": "live", "answer": "ya\u015famak", "fail": 0}, {"word": "believe", "answer": "inanmak", "fail": 0}, {"word": "hold", "answer": "tutmak, tutunmak", "fail": 0}, {"word": "bring", "answer": "getirmek", "fail": 0}, {"word": "happen", "answer": "olmak", "note": "Bir \u015feyin olmas\u0131, meydana gelmesi: Nothing will happen today (bug\u00fcn bir \u015fey olmayacak)", "fail": 0}, {"word": "write", "answer": "yazmak", "fail": 0}, {"word": "provide", "answer": "sa\u011flamak", "fail": 0}, {"word": "sit", "answer": "oturmak", "fail": 0}, {"word": "stand", "answer": "durmak", "fail": 0}, {"word": "lose", "answer": "kaybetmek", "fail": 0}, {"word": "pay", "answer": "\u00f6demek", "fail": 0}, {"word": "meet", "answer": "bulu\u015fmak", "fail": 0}, {"word": "include", "answer": "dahil etmek", "fail": 0}, {"word": "continue", "answer": "devam etmek", "fail": 0}, {"word": "set", "answer": "belirlemek", "fail": 0}, {"word": "learn", "answer": "\u00f6\u011frenmek", "fail": 0}, {"word": "change", "answer": "de\u011fi\u015ftirmek", "fail": 0}, {"word": "lead", "answer": "y\u00f6n vermek", "fail": 0}, {"word": "understand", "answer": "anlamak", "fail": 0}, {"word": "watch", "answer": "izlemek", "fail": 0}, {"word": "follow", "answer": "takip etmek", "fail": 0}, {"word": "stop", "answer": "durdurmak, durmak", "fail": 0}, {"word": "create", "answer": "olu\u015fturmak", "fail": 0}, {"word": "speak", "answer": "konu\u015fmak", "fail": 0}, {"word": "read", "answer": "okumak", "fail": 0}, {"word": "allow", "answer": "izin vermek", "fail": 0}, {"word": "add", "answer": "eklemek", "fail": 0}, {"word": "spend", "answer": "harcamak", "fail": 0}, {"word": "grow", "answer": "b\u00fcy\u00fcmek", "fail": 0}, {"word": "open", "answer": "a\u00e7mak", "fail": 0}, {"word": "walk", "answer": "y\u00fcr\u00fcmek", "fail": 0}, {"word": "win", "answer": "kazanmak", "fail": 0}, {"word": "offer", "answer": "teklif etmek", "fail": 0}, {"word": "remember", "answer": "hat\u0131rlamak", "fail": 0}, {"word": "love", "answer": "a\u015f\u0131k olmak", "fail": 0}, {"word": "consider", "answer": "de\u011ferlendirmek, d\u00fc\u015f\u00fcnmek", "fail": 0}, {"word": "appear", "answer": "g\u00f6r\u00fcnmek", "fail": 0}, {"word": "buy", "answer": "sat\u0131n almak", "fail": 0}, {"word": "wait", "answer": "beklemek", "fail": 0}, {"word": "serve", "answer": "servis etmek", "fail": 0}, {"word": "die", "answer": "\u00f6lmek", "fail": 0}, {"word": "send", "answer": "g\u00f6ndermek", "fail": 0}, {"word": "expect", "answer": "beklemek", "fail": 0}, {"word": "build", "answer": "in\u015fa etmek", "fail": 0}, {"word": "stay", "answer": "kalmak", "fail": 0}, {"word": "fall", "answer": "d\u00fc\u015fmek", "fail": 0}, {"word": "cut", "answer": "kesmek", "fail": 0}, {"word": "reach", "answer": "ula\u015fmak", "fail": 0}, {"word": "translate", "answer": "\u00e7evirme yapmak", "fail": 0}, {"word": "turn on", "answer": "a\u00e7mak", "fail": 0}, {"word": "turn off", "answer": "kapatmak", "fail": 0}, {"word": "travel", "answer": "seyahat etmek", "fail": 0}, {"word": "worry", "answer": "endi\u015fe etmek", "fail": 0}, {"word": "succeed", "answer": "ba\u015farmak", "fail": 0}, {"word": "wake up", "answer": "uyanmak", "fail": 0}, {"word": "big", "answer": "b\u00fcy\u00fck", "fail": 0}, {"word": "small", "answer": "k\u00fc\u00e7\u00fck", "fail": 0}, {"word": "little", "answer": "k\u00fc\u00e7\u00fck", "fail": 0}, {"word": "fast", "answer": "h\u0131zl\u0131", "fail": 0}, {"word": "slow", "answer": "yava\u015f", "fail": 0}, {"word": "good", "answer": "iyi", "fail": 0}, {"word": "bad", "answer": "k\u00f6t\u00fc", "fail": 0}, {"word": "expensive", "answer": "pahal\u0131", "fail": 0}, {"word": "cheap", "answer": "ucuz", "fail": 0}, {"word": "thick", "answer": "kal\u0131n", "fail": 0}, {"word": "thin", "answer": "ince", "fail": 0}, {"word": "narrow", "answer": "dar", "fail": 0}, {"word": "wide", "answer": "geni\u015f", "fail": 0}, {"word": "broad", "answer": "geni\u015f", "fail": 0}, {"word": "loud", "answer": "g\u00fcr\u00fclt\u00fcl\u00fc", "fail": 0}, {"word": "quiet", "answer": "sessiz", "fail": 0}, {"word": "intelligent", "answer": "zeki", "fail": 0}, {"word": "stupid", "answer": "aptal", "fail": 0}, {"word": "wet", "answer": "\u0131slak", "fail": 0}, {"word": "dry", "answer": "kuru", "fail": 0}, {"word": "heavy", "answer": "a\u011f\u0131r", "fail": 0}, {"word": "light", "answer": "hafif", "fail": 0}, {"word": "hard", "answer": "sert", "fail": 0}, {"word": "soft", "answer": "yumu\u015fak", "fail": 0}, {"word": "shallow", "answer": "s\u0131\u011f", "fail": 0}, {"word": "deep", "answer": "derin", "fail": 0}, {"word": "easy", "answer": "kolay", "fail": 0}, {"word": "difficult", "answer": "zor", "fail": 0}, {"word": "weak", "answer": "zay\u0131f", "fail": 0}, {"word": "strong", "answer": "g\u00fc\u00e7l\u00fc", "fail": 0}, {"word": "rich", "answer": "zengin", "fail": 0}, {"word": "poor", "answer": "fakir", "fail": 0}, {"word": "young", "answer": "gen\u00e7", "fail": 0}, {"word": "old", "answer": "ya\u015fl\u0131", "fail": 0}, {"word": "long", "answer": "uzun", "fail": 0}, {"word": "short", "answer": "k\u0131sa", "fail": 0}, {"word": "high", "answer": "y\u00fcksek", "fail": 0}, {"word": "low", "answer": "al\u00e7ak", "fail": 0}, {"word": "generous", "answer": "c\u00f6mert", "fail": 0}, {"word": "mean", "answer": "ac\u0131mas\u0131z", "fail": 0}, {"word": "true", "answer": "ger\u00e7ek/do\u011fru", "fail": 0}, {"word": "false", "answer": "sahte/yanl\u0131\u015f", "fail": 0}, {"word": "beautiful", "answer": "g\u00fczel", "fail": 0}, {"word": "ugly", "answer": "\u00e7irkin", "fail": 0}, {"word": "new", "answer": "yeni", "fail": 0}, {"word": "old", "answer": "eski", "fail": 0}, {"word": "happy", "answer": "mutlu", "fail": 0}, {"word": "sad", "answer": "mutsuz", "fail": 0}], "best_score": 0}